Statistic,Value
Length,80.0
Mean,21231.949087
Std. Deviation,19815.725835
Minimum,0.0
1st Quartile,0.0
Median,18369.982599
3rd Quartile,41032.548877
Maximum,51493.836444
