Statistic,Value
Length,80.0
Mean,21577.603304
Std. Deviation,19596.943752
Minimum,0.0
1st Quartile,0.0
Median,19038.817165
3rd Quartile,41068.693182
Maximum,51549.636339
